{
  "version": 1,
  "author": "Fernando gimenez",
  "editor": "wokwi",
  "parts": [
    {
      "type": "board-esp32-s3-devkitc-1",
      "id": "esp",
      "top": -19.38,
      "left": 234.97,
      "attrs": { "env": "micropython-20231227-v1.22.0", "flashSize": "8" }
    },
    {
      "type": "wokwi-potentiometer",
      "id": "pot1",
      "top": 116.2,
      "left": 27.5,
      "rotate": 270,
      "attrs": {}
    },
    {
      "type": "wokwi-led",
      "id": "led1",
      "top": 18.4,
      "left": 30.2,
      "rotate": 270,
      "attrs": { "color": "red" }
    },
    {
      "type": "wokwi-resistor",
      "id": "r1",
      "top": 32.75,
      "left": 96,
      "attrs": { "value": "330" }
    }
  ],
  "connections": [
    [ "esp:TX", "$serialMonitor:RX", "", [] ],
    [ "esp:RX", "$serialMonitor:TX", "", [] ],
    [ "esp:5", "r1:2", "green", [ "h-48.05", "v-9.6" ] ],
    [ "led1:A", "r1:1", "green", [ "h0" ] ],
    [ "led1:C", "esp:GND.1", "green", [ "h115.2", "v105.2" ] ],
    [ "pot1:GND", "esp:GND.1", "black", [ "h48", "v38.4" ] ],
    [ "pot1:VCC", "esp:3V3.1", "red", [ "h76.8", "v-37.6" ] ],
    [ "esp:1", "pot1:SIG", "green", [ "h38.4", "v-76.8", "h-163.2", "v182.4" ] ]
  ],
  "dependencies": {}
}