{
  "version": 1,
  "author": "Fernando gimenez",
  "editor": "wokwi",
  "parts": [
    {
      "type": "board-esp32-s3-devkitc-1",
      "id": "esp",
      "top": -67.38,
      "left": 196.57,
      "attrs": { "env": "micropython-20231227-v1.22.0", "flashSize": "8" }
    },
    {
      "type": "wokwi-led",
      "id": "led1",
      "top": -20,
      "left": 39.8,
      "rotate": 270,
      "attrs": { "color": "red" }
    },
    {
      "type": "wokwi-resistor",
      "id": "r1",
      "top": -5.65,
      "left": 115.2,
      "attrs": { "value": "1000" }
    },
    {
      "type": "wokwi-pushbutton",
      "id": "btn1",
      "top": 63.8,
      "left": 28.8,
      "attrs": { "color": "green" }
    }
  ],
  "connections": [
    [ "esp:TX", "$serialMonitor:RX", "", [] ],
    [ "esp:RX", "$serialMonitor:TX", "", [] ],
    [ "led1:A", "r1:1", "green", [ "h0" ] ],
    [ "led1:C", "esp:GND.1", "green", [ "h38.4", "v134" ] ],
    [ "r1:2", "esp:5", "green", [ "v0" ] ],
    [ "btn1:2.r", "esp:GND.1", "green", [ "h9.8", "v57.8" ] ],
    [ "esp:6", "btn1:1.r", "green", [ "h-48.05", "v57.6" ] ]
  ],
  "dependencies": {}
}