{
  "version": 1,
  "author": "Fernando gimenez",
  "editor": "wokwi",
  "parts": [
    {
      "type": "board-esp32-s3-devkitc-1",
      "id": "esp",
      "top": -19.38,
      "left": 234.97,
      "attrs": { "env": "micropython-20231227-v1.22.0", "flashSize": "8" }
    },
    {
      "type": "wokwi-ntc-temperature-sensor",
      "id": "ntc1",
      "top": 2.6,
      "left": -48.6,
      "attrs": {}
    }
  ],
  "connections": [
    [ "esp:TX", "$serialMonitor:RX", "", [] ],
    [ "esp:RX", "$serialMonitor:TX", "", [] ],
    [ "ntc1:GND", "esp:GND.1", "black", [ "h86.4", "v182.4" ] ],
    [ "ntc1:VCC", "esp:3V3.2", "red", [ "h124.8", "v-19.2" ] ],
    [ "esp:1", "ntc1:OUT", "green", [ "h28.8", "v-67.2", "h-240", "v76.8" ] ]
  ],
  "dependencies": {}
}